{
    "package-id": "hl7.fhir.us.core",
    "title": "US Core",
    "canonical": "http://hl7.org/fhir/us/core",
    "introduction": "The US Core Implementation Guide defines the minimum set of FHIR RESTful interactions for each of the US Core Profiles to access patient data. The US Core Profiles are informed by the prior Data Access Framework and the [Argonaut DSTU2](https://www.fhir.org/guides/argonaut/r2/) Implementation Guides. The profiles here are stand alone and support the latest requirements from [ONC U.S. Core Data for Interoperability (USCDI)](https://www.healthit.gov/isa/united-states-core-data-interoperability-uscdi). Fixes required between releases are managed by the [Cross Group Project patch process](https://confluence.hl7.org/display/CGP/US+Core+%27Patch%27+Process) with approved patches on [confluence](https://confluence.hl7.org/display/CGP/Approved+Patches). For a detailed list of the changes between versions, see the [Change Notes]( https://build.fhir.org/ig/HL7/US-Core/changes.html).",
    "category": "National Base",
    "list":
    [
        {
            "version": "current",
            "desc": "Continuous Integration Build (latest in version control) - Content subject to frequent changes.",
            "path": "http://build.fhir.org/ig/HL7/US-Core",
            "status": "ci-build",
            "fhirversion": "4.0.1"
        },
        {
            "version": "7.0.0-ballot",
            "path": "http://hl7.org/fhir/us/core/2024Jan",
            "status": "ballot",
            "sequence": "STU7",
            "fhirversion": "4.0.1",
            "date": "2023-12-19",
            "desc": "The January 2024 Ballot Version adds United States Core Data for Interoperability (USCDI) V4 updates that the Office of the National Coordinator (ONC) published in July 2023. It also addresses over 50 trackers submitted by implementers since the publication of US Core ver 6.1.0. For a detailed list of the changes for this version, see the Change Notes (http://hl7.org/fhir/us/core/2024Jan/changes.html).",
            "descmd": "The January 2024 Ballot Version adds United States Core Data for Interoperability (USCDI) V4 updates that the Office of the National Coordinator (ONC) published in July 2023. It also addresses over 50 trackers submitted by implementers since the publication of US Core ver 6.1.0. For a detailed list of the changes for this version, see the [Change Notes](http://hl7.org/fhir/us/core/2024Jan/changes.html).",
            "changes": "changes.html"
        },
        {
            "version": "6.1.0",
            "name": "STU6.1",
            "path": "http://hl7.org/fhir/us/core/STU6.1",
            "status": "update",
            "sequence": "STU6",
            "fhirversion": "4.0.1",
            "date": "2023-06-30",
            "current": true,
            "desc": "This STU Update to version 6.0.0 of US Core has been reviewed by the public per the HL7 STU update process and voted on by the members of the HL7 International Cross-Group Projects work group. - see the Change Notes (http://hl7.org/fhir/us/core/STU6/changes.html).",
            "descmd": "This STU Update to version 6.0.0 of US Core has been reviewed by the public per the HL7 STU update process and voted on by the members of the HL7 International Cross-Group Projects work group. - see the [Change Notes](http://hl7.org/fhir/us/core/STU6/changes.html)."
        },
        {
            "version": "6.1.0-snapshot1",
            "path": "http://hl7.org/fhir/us/core/STU6.1-snapshot1",
            "status": "update",
            "sequence": "STU6",
            "fhirversion": "4.0.1",
            "date": "2023-05-27",
            "desc": "This publication snapshot of the STU Update to version 6.0.0 of US Core is published for review by the public per the HL7 STU update process. The resolution of these change has been agreed to and voted on by the members of the HL7 International Cross-Group Projects work group. - see the Change Notes (http://hl7.org/fhir/us/core/STU6/changes.html).",
            "descmd": "This publication snapshot of the STU Update to version 6.0.0 of US Core is published for review by the public per the HL7 STU update process. The resolution of these change has been agreed to and voted on by the members of the HL7 International Cross-Group Projects work group. - see the [Change Notes](http://hl7.org/fhir/us/core/STU6/changes.html)."
        },
        {
            "version": "6.0.0",
            "name": "STU6",
            "path": "http://hl7.org/fhir/us/core/STU6",
            "status": "trial-use",
            "sequence": "STU6",
            "fhirversion": "4.0.1",
            "date": "2023-05-03",
            "desc": "STU6 Update of the US Core Implementation Guide: this version is the result of resolution of the community comments for the January 2023 Ballot Version. - see the Change Notes (http://hl7.org/fhir/us/core/STU6/changes.html).",
            "descmd": "STU6 Update of the US Core Implementation Guide: this version is the result of resolution of the community comments for the January 2023 Ballot Version. - see the [Change Notes](http://hl7.org/fhir/us/core/STU6/changes.html)."
        },
        {
            "version": "6.0.0-ballot",
            "date": "2022-12-05",
            "path": "http://hl7.org/fhir/us/core/2023Jan",
            "status": "ballot",
            "sequence": "STU6",
            "fhirversion": "4.0.1",
            "desc": "The January 2022 Ballot Version: This version adds United States Core Data for Interoperability (USCDI) V3 updates that the Office of the National Coordinator (ONC) published in July 2022. It addresses over 70 trackers submitted by implementers since the publication of US Core ver 5.0.1. For a detailed list of the changes for this version, see the [Change Notes](http://hl7.org/fhir/us/core/2023Jan/changes.html).",
            "milestoneName": "R6"
        },
        {
            "version": "5.0.1",
            "name": "STU5",
            "desc": "STU5 Errata Update of the US Core Implementation Guide: 1) Correction of typos in Condition profile urls, 2)Update VSAC version package dependency and 3)Correction to Provenance profile.",
            "changes": "changes.html",
            "path": "http://hl7.org/fhir/us/core/STU5.0.1",
            "status": "trial-use",
            "sequence": "STU5",
            "fhirversion": "4.0.1",
            "date": "2022-06-22",
            "milestoneName": "R5"
        },
        {
            "version": "5.0.0",
            "desc": "STU5 Update of the US Core Implementation Guide: this version is the result of resolution of the community comments for the January 2022 Ballot Version.",
            "changes": "changes.html",
            "path": "http://hl7.org/fhir/us/core/STU5",
            "status": "trial-use",
            "sequence": "STU5",
            "fhirversion": "4.0.1",
            "date": "2022-05-13"
        },
        {
            "version": "4.1.0",
            "date": "2021-11-30",
            "desc": "The January 2022 Ballot Version:  this version adds United States Core Data for Interoperability (USCDI) V2 updates that the Office of the National Coordinator (ONC) published in July of 2021. Continues efforts to link terminology directly to Value Set Authority Center (VSAC) where applicable. Addresses over 30 trackers submitted by implementers since the previous STU2 ballot for US Core ver 4.0.0.  Details of the changes in this version can be seen at https://github.com/HL7/US-Core/blob/master/input/pagecontent/changes.md",
            "path": "http://hl7.org/fhir/us/core/2022Jan",
            "status": "ballot",
            "sequence": "STU5",
            "fhirversion": "4.0.1"
        },
        {
            "version": "4.0.0",
            "name": "STU4",
            "date": "2021-06-28",
            "desc": "STU4 Update of the US Core Implementation Guide: this version is the result of resolution of the community comments for the January 2021 Ballot Version.  Details of the changes in this version can be seen at https://github.com/HL7/US-Core/blob/master/input/pagecontent/changes.md",
            "path": "http://hl7.org/fhir/us/core/STU4",
            "status": "trial-use",
            "sequence": "STU4",
            "fhirversion": "4.0.1",
            "milestoneName": "R4"
        },
        {
            "version": "3.2.0",
            "date": "2021-1-30",
            "desc": "The January 2021 Ballot Version: this version 1) adds new Conformance Expectations, 2)  add a set of US Core Vital Signs, 3) links terminology directly to the Value Set Authority Center (VSAC), 4) migrates to the standard set of HL7 FHIR IG templates for publishing and addresses over 95 outstanding trackers from the FHIR community.  Details of the changes in this version can be seen at https://github.com/HL7/US-Core/blob/master/input/pagecontent/changes.md",
            "path": "http://hl7.org/fhir/us/core/2021Jan",
            "status": "ballot",
            "sequence": "STU4",
            "fhirversion": "4.0.1"
        },
        {
            "version": "3.1.1",
            "name": "STU3",
            "date": "2020-6-30",
            "desc": "STU3 Technical Correction of the US Core Implementation Guide: this version addresses several technical corrections and errata and clarifications.  Details of the changes in this version can be seen at https://github.com/HL7/US-Core/blob/master/input/pagecontent/changes.md",
            "path": "http://hl7.org/fhir/us/core/STU3.1.1",
            "status": "trial-use",
            "sequence": "STU3",
            "fhirversion": "4.0.1",
            "milestoneName": "R3"
        },
        {
            "version": "3.1.0",
            "date": "2019-10-31",
            "desc": "2nd STU3 Update of the US Core Implementation Guide: this version is the result of resolution of the community comments for the STU3 For Comment Version of the US Core Implementation Guide.  Details of the changes in this version can be seen at https://github.com/HL7/US-Core/blob/master/input/pagecontent/changes.md",
            "path": "http://hl7.org/fhir/us/core/STU3.1",
            "status": "trial-use",
            "sequence": "STU3",
            "fhirversion": "4.0.1"
        },
        {
            "version": "3.0.1",
            "date": "2019-09-01",
            "desc": "STU3 For Comment Version of the US Core Implementation Guide: this version add changes to meet the proposed ONC U.S. Core Data for Interoperability (USCDI) v1 regulatory requirements for access to patient data.  Details of the changes in this version can be seen at https://github.com/HL7/US-Core/blob/master/input/pagecontent/changes.md",
            "path": "http://hl7.org/fhir/us/core/2019Sep",
            "status": "ballot",
            "sequence": "STU3",
            "fhirversion": "4.0.0"
        },
        {
            "version": "3.0.0",
            "date": "2019-06-15",
            "desc": "1st STU3 Update of the US Core Implementation Guide: this version is the result of resolution of the community comments for the The January 2019 Ballot Version.  Details of the changes in this version can be seen at https://github.com/HL7/US-Core/blob/master/input/pagecontent/changes.md",
            "path": "http://hl7.org/fhir/us/core/STU3",
            "status": "trial-use",
            "sequence": "STU3",
            "fhirversion": "4.0.0"
        },
        {
            "version": "2.1.0",
            "date": "2018-12-04",
            "desc": "January 2019 Ballot Version: this version is the first ballot on FHIR R4. Details of the changes in this version can be seen at https://github.com/HL7/US-Core/blob/master/input/pagecontent/changes.md",
            "path": "http://hl7.org/fhir/us/core/2019Jan",
            "status": "ballot",
            "sequence": "STU3",
            "fhirversion": "4.0.0"
        },
        {
            "version": "2.0.0",
            "name": "STU2",
            "date": "2018-12-04",
            "desc": "STU2 Update of the US Core Implementation Guide: this version is the result of resolution of the community comments for the The January 2018 Ballot Version.  Details of the changes in this version can be seen at https://github.com/HL7/US-Core/blob/master/input/pagecontent/changes.md",
            "path": "http://hl7.org/fhir/us/core/STU2",
            "status": "trial-use",
            "sequence": "STU2",
            "fhirversion": "3.0.1",
            "milestoneName": "R2"
        },
        {
            "version": "1.1.0",
            "date": "2017-12-20",
            "desc": "January 2018 Ballot Version: this version added the US Core DocumentReference, US Core Encounter, and US Core PractitionerRole profiles.  Details of the changes in this version can be seen at https://github.com/HL7/US-Core/blob/master/input/pagecontent/changes.md",
            "path": "http://hl7.org/fhir/us/core/2018Jan",
            "status": "ballot",
            "sequence": "STU2",
            "fhirversion": "3.0.1"
        },
        {
            "version": "1.0.1",
            "date": "2017-11-02",
            "desc": "STU1 Technical Correction of the US Core Implementation Guide: this version addresses several technical corrections and errata and clarifications.  Details of the changes in this version can be seen at https://github.com/HL7/US-Core/blob/master/input/pagecontent/changes.md",
            "path": "http://hl7.org/fhir/us/core/1.0.1",
            "status": "trial-use",
            "sequence": "STU1",
            "fhirversion": "3.0.1",
            "milestoneName": "R1"
        },
        {
            "version": "1.0.0",
            "name": "STU1",
            "date": "2017-03-21",
            "desc": "STU1 Update of the US Core Implementation Guide: this version is the result of resolution of the community comments for the The January 2017 Ballot Version.  Details of the changes in this version can be seen at https://github.com/HL7/US-Core/blob/master/input/pagecontent/changes.md",
            "path": "http://hl7.org/fhir/us/core/STU1",
            "status": "trial-use",
            "sequence": "STU1",
            "fhirversion": "3.0.1"
        },
        {
            "version": "0.0.0",
            "date": "2016-12-06",
            "desc": "January 2017 Ballot Version: this version is the first ballot of US Core Details of the changes in this version can be seen at https://github.com/HL7/US-Core/blob/master/input/pagecontent/changes.md",
            "path": "http://hl7.org/fhir/us/core/2017Jan",
            "status": "ballot",
            "sequence": "STU1",
            "fhirversion": "1.8.0"
        }
    ]
}